{"3": {"k": [[-0.100031137], [0.0933050838], [-0.0172521919]], "p": [[0.000228575233], [9.0793382e-05]], "R": [[-0.3669631815196079, 0.9293709384053636, 0.040101025683363], [0.02045450735685212, 0.05115952238402088, -0.9984812567798478], [-0.9300103809481571, -0.3655853963167567, -0.03778340377894208]], "T": [[12.002275740500899], [-0.4059152251940247], [31.80510515414132]], "fx": 1204.6082, "fy": 1204.79912, "cx": 1022.172, "cy": 779.553157}, "4": {"k": [[-0.09902244], [0.09631461], [-0.01785635]], "p": [[0.0009315], [-0.00027632]], "R": [[-0.4325753389333211, -0.9007196463137995, -0.03977297131733185], [0.11047103509523, -0.009169559685239933, -0.9938371197564305], [0.8948038994919932, -0.43430316277572417, 0.10347000934129948]], "T": [[-0.015610705736530497], [0.2854616239512867], [0.2702779981317412]], "fx": 1208.95178, "fy": 1209.42656, "cx": 1012.43334, "cy": 762.148531}, "5": {"k": [[-0.10200707], [0.09628885], [-0.01768528]], "p": [[-0.00010331], [0.00032816]], "R": [[0.6825107608985345, -0.7302281921988565, -0.0307425289164025], [0.02330915122378847, 0.06378874230264096, -0.9976908603511622], [0.7305037901275787, 0.680218851823285, 0.060557498617451966]], "T": [[-13.353401003290847], [1.2811586466903429], [11.440017626472695]], "fx": 1209.9944, "fy": 1210.23014, "cx": 1027.36037, "cy": 761.483356}, "6": {"k": [[-0.0973298662], [0.0905018947], [-0.0121009666]], "p": [[-9.99841036e-05], [-3.11532549e-05]], "R": [[0.5518231124612594, 0.833091377704164, 0.03808564673796943], [0.035596565950643165, 0.022097476354534826, -0.9991216474113267], [-0.8332008156170663, 0.5526938643757822, -0.01746128966170274]], "T": [[-5.320177272544291], [-0.649313088621679], [36.42645791077671]], "fx": 1205.76375, "fy": 1205.91483, "cx": 1009.0858, "cy": 783.369552}}