{"0": {"k": [[0.0], [0.0], [0.0]], "p": [[0.0], [0.0]], "R": [[-0.36666281538575385, 0.9300263869523432, 0.02469221640839262], [0.008676326351155521, 0.02995775789658519, -0.999513761201439], [-0.9303132752619907, -0.3662700731094662, -0.019053540833858677]], "T": [[11.975829238767323], [0.7897297045728655], [31.82413447732245]], "fx": 1204.6082, "fy": 1204.79912, "cx": 1022.172, "cy": 779.553157}, "1": {"k": [[0.0], [0.0], [0.0]], "p": [[0.0], [0.0]], "R": [[-0.4328224094187148, -0.9013446516745935, -0.015549193451692681], [0.09875415922603499, -0.030262551142342872, -0.9946516697764839], [0.8960533955555012, -0.4320430441365007, 0.10210990349656389]], "T": [[-0.007334310868205049], [1.1249583703791792], [0.18438468221799764]], "fx": 1208.95178, "fy": 1209.42656, "cx": 1012.43334, "cy": 762.148531}, "2": {"k": [[0.0], [0.0], [0.0]], "p": [[0.0], [0.0]], "R": [[0.6822564064279948, -0.7307416998855787, -0.023281349197877742], [0.01153739984688618, 0.0426008002926376, -0.9990252421091419], [0.7310219875516473, 0.6813234449205228, 0.03749549940702522]], "T": [[-13.341848558095482], [1.8407461691242197], [11.42364514684906]], "fx": 1209.9944, "fy": 1210.23014, "cx": 1027.36037, "cy": 761.483356}, "3": {"k": [[0.0], [0.0], [0.0]], "p": [[0.0], [0.0]], "R": [[0.5520564020013471, 0.8336913411241481, 0.013892073925348442], [0.023815968119430066, 0.0008880998070261084, -0.9997157053863008], [-0.8334662615212269, 0.5522300286620092, -0.019364889147799682]], "T": [[-5.328813774119985], [0.3202976084375314], [36.44558214031079]], "fx": 1205.76375, "fy": 1205.91483, "cx": 1009.0858, "cy": 783.369552}}